type,value
image_mean,0.5972594022750854
image_mean,0.6110818982124329
image_mean,0.7259216904640198
image_std,0.15048997104167938
image_std,0.13677819073200226
image_std,0.10212475061416626
